-- MySQL dump 10.13  Distrib 8.0.31, for Win64 (x86_64)
--
-- Host: localhost    Database: flight_scanner_database
-- ------------------------------------------------------
-- Server version	8.0.31

/*!40101 SET @OLD_CHARACTER_SET_CLIENT=@@CHARACTER_SET_CLIENT */;
/*!40101 SET @OLD_CHARACTER_SET_RESULTS=@@CHARACTER_SET_RESULTS */;
/*!40101 SET @OLD_COLLATION_CONNECTION=@@COLLATION_CONNECTION */;
/*!50503 SET NAMES utf8 */;
/*!40103 SET @OLD_TIME_ZONE=@@TIME_ZONE */;
/*!40103 SET TIME_ZONE='+00:00' */;
/*!40014 SET @OLD_UNIQUE_CHECKS=@@UNIQUE_CHECKS, UNIQUE_CHECKS=0 */;
/*!40014 SET @OLD_FOREIGN_KEY_CHECKS=@@FOREIGN_KEY_CHECKS, FOREIGN_KEY_CHECKS=0 */;
/*!40101 SET @OLD_SQL_MODE=@@SQL_MODE, SQL_MODE='NO_AUTO_VALUE_ON_ZERO' */;
/*!40111 SET @OLD_SQL_NOTES=@@SQL_NOTES, SQL_NOTES=0 */;

--
-- Table structure for table `airports`
--

DROP TABLE IF EXISTS `airports`;
/*!40101 SET @saved_cs_client     = @@character_set_client */;
/*!50503 SET character_set_client = utf8mb4 */;
CREATE TABLE `airports` (
  `airport_id` varchar(50) NOT NULL,
  `airport_name` varchar(100) DEFAULT NULL,
  `city` varchar(100) DEFAULT NULL,
  `country` varchar(100) DEFAULT NULL,
  PRIMARY KEY (`airport_id`),
  UNIQUE KEY `airport_name` (`airport_name`)
) ENGINE=InnoDB DEFAULT CHARSET=utf8mb4 COLLATE=utf8mb4_0900_ai_ci;
/*!40101 SET character_set_client = @saved_cs_client */;

--
-- Dumping data for table `airports`
--

LOCK TABLES `airports` WRITE;
/*!40000 ALTER TABLE `airports` DISABLE KEYS */;
INSERT INTO `airports` VALUES ('1e190004-6a13-4ca8-9ed0-039c515e1697','Zurich','Zurich','Switzerland'),('40d5bd6b-e3b7-4368-8f05-e1272480abe1','Nikola Tesla','Belgrade','Serbia'),('6e75e601-4be5-4d66-b96b-de199c717904','Car Konstantin','Nis','Serbia');
/*!40000 ALTER TABLE `airports` ENABLE KEYS */;
UNLOCK TABLES;

--
-- Table structure for table `flight_routes`
--

DROP TABLE IF EXISTS `flight_routes`;
/*!40101 SET @saved_cs_client     = @@character_set_client */;
/*!50503 SET character_set_client = utf8mb4 */;
CREATE TABLE `flight_routes` (
  `route_id` varchar(50) NOT NULL,
  `from_airport_id` varchar(50) DEFAULT NULL,
  `to_airport_id` varchar(50) DEFAULT NULL,
  PRIMARY KEY (`route_id`),
  KEY `from_airport_id` (`from_airport_id`),
  KEY `to_airport_id` (`to_airport_id`),
  CONSTRAINT `flight_routes_ibfk_1` FOREIGN KEY (`from_airport_id`) REFERENCES `airports` (`airport_id`),
  CONSTRAINT `flight_routes_ibfk_2` FOREIGN KEY (`to_airport_id`) REFERENCES `airports` (`airport_id`)
) ENGINE=InnoDB DEFAULT CHARSET=utf8mb4 COLLATE=utf8mb4_0900_ai_ci;
/*!40101 SET character_set_client = @saved_cs_client */;

--
-- Dumping data for table `flight_routes`
--

LOCK TABLES `flight_routes` WRITE;
/*!40000 ALTER TABLE `flight_routes` DISABLE KEYS */;
INSERT INTO `flight_routes` VALUES ('00b12625-5f34-453d-b989-8e39d7f67c60','1e190004-6a13-4ca8-9ed0-039c515e1697','40d5bd6b-e3b7-4368-8f05-e1272480abe1'),('4250ec86-e858-470d-a0f3-3123aae00533','1e190004-6a13-4ca8-9ed0-039c515e1697','6e75e601-4be5-4d66-b96b-de199c717904'),('4b84c946-19bf-4468-b247-198fa88cf025','40d5bd6b-e3b7-4368-8f05-e1272480abe1','6e75e601-4be5-4d66-b96b-de199c717904'),('b6b9aed1-b015-4ae4-93c6-6f28a6cefcb6','6e75e601-4be5-4d66-b96b-de199c717904','40d5bd6b-e3b7-4368-8f05-e1272480abe1');
/*!40000 ALTER TABLE `flight_routes` ENABLE KEYS */;
UNLOCK TABLES;

--
-- Table structure for table `flights`
--

DROP TABLE IF EXISTS `flights`;
/*!40101 SET @saved_cs_client     = @@character_set_client */;
/*!50503 SET character_set_client = utf8mb4 */;
CREATE TABLE `flights` (
  `flight_id` varchar(50) NOT NULL,
  `departure_time` datetime DEFAULT NULL,
  `arrival_time` datetime DEFAULT NULL,
  `airline` varchar(50) DEFAULT NULL,
  `num_of_seats` int DEFAULT NULL,
  `route_id` varchar(50) DEFAULT NULL,
  PRIMARY KEY (`flight_id`),
  KEY `route_id` (`route_id`),
  CONSTRAINT `flights_ibfk_1` FOREIGN KEY (`route_id`) REFERENCES `flight_routes` (`route_id`)
) ENGINE=InnoDB DEFAULT CHARSET=utf8mb4 COLLATE=utf8mb4_0900_ai_ci;
/*!40101 SET character_set_client = @saved_cs_client */;

--
-- Dumping data for table `flights`
--

LOCK TABLES `flights` WRITE;
/*!40000 ALTER TABLE `flights` DISABLE KEYS */;
INSERT INTO `flights` VALUES ('21a863c2-2c84-4bb3-8cc4-956a12d9ab9f','2023-02-20 12:00:00','2023-02-20 12:40:00','AirSerbia',200,'4b84c946-19bf-4468-b247-198fa88cf025'),('2cfb8dd8-791f-4a75-9bee-bb5220f3c922','2023-02-25 15:45:00','2023-02-25 16:25:00','AirSerbia',250,'b6b9aed1-b015-4ae4-93c6-6f28a6cefcb6'),('c214644b-b2da-400a-b158-4bbc2dac5dba','2023-02-25 20:00:00','2023-02-25 20:00:00','AirSerbia',250,'4b84c946-19bf-4468-b247-198fa88cf025'),('f2c73d22-03c7-4af8-8894-c546bad96328','2023-02-20 17:00:00','2023-02-20 18:20:00','AirSerbia',200,'00b12625-5f34-453d-b989-8e39d7f67c60');
/*!40000 ALTER TABLE `flights` ENABLE KEYS */;
UNLOCK TABLES;

--
-- Table structure for table `reservations`
--

DROP TABLE IF EXISTS `reservations`;
/*!40101 SET @saved_cs_client     = @@character_set_client */;
/*!50503 SET character_set_client = utf8mb4 */;
CREATE TABLE `reservations` (
  `reservation_id` varchar(50) NOT NULL,
  `ticket_id` varchar(50) DEFAULT NULL,
  `user_id` varchar(50) DEFAULT NULL,
  PRIMARY KEY (`reservation_id`),
  KEY `ticket_id` (`ticket_id`),
  KEY `user_id` (`user_id`),
  CONSTRAINT `reservations_ibfk_1` FOREIGN KEY (`ticket_id`) REFERENCES `tickets` (`ticket_id`),
  CONSTRAINT `reservations_ibfk_2` FOREIGN KEY (`user_id`) REFERENCES `users` (`id`)
) ENGINE=InnoDB DEFAULT CHARSET=utf8mb4 COLLATE=utf8mb4_0900_ai_ci;
/*!40101 SET character_set_client = @saved_cs_client */;

--
-- Dumping data for table `reservations`
--

LOCK TABLES `reservations` WRITE;
/*!40000 ALTER TABLE `reservations` DISABLE KEYS */;
INSERT INTO `reservations` VALUES ('10e54e4f-9d79-49e7-807a-b46fa3a711f7','7e560ef9-6a7f-430e-bddc-e45422b9cf68','accc648b-514a-4878-add8-8081ce09c695'),('112c8517-d814-41e9-b99b-b189e921ae9c','7e560ef9-6a7f-430e-bddc-e45422b9cf68','accc648b-514a-4878-add8-8081ce09c695'),('3a0907d5-cd7e-4f5d-b959-38b3b5de5c3b','7e560ef9-6a7f-430e-bddc-e45422b9cf68','accc648b-514a-4878-add8-8081ce09c695'),('3f1856b0-56cf-41b0-85a3-b082a12534f1','7e560ef9-6a7f-430e-bddc-e45422b9cf68','accc648b-514a-4878-add8-8081ce09c695'),('5e7da3f1-a5b1-4a9c-aee3-02bb6e5e27d2','7e560ef9-6a7f-430e-bddc-e45422b9cf68','accc648b-514a-4878-add8-8081ce09c695'),('723790b9-f8fc-48f8-9a38-5e670f8516f4','7e560ef9-6a7f-430e-bddc-e45422b9cf68','accc648b-514a-4878-add8-8081ce09c695'),('752c643a-7359-4bc8-95d5-bef95f2aa27f','7e560ef9-6a7f-430e-bddc-e45422b9cf68','accc648b-514a-4878-add8-8081ce09c695'),('7dc243ee-7121-4c20-989d-ccdc66b3fbba','7e560ef9-6a7f-430e-bddc-e45422b9cf68','accc648b-514a-4878-add8-8081ce09c695'),('a1e50a6c-ef96-4ffe-a0bc-5a10e33c1f74','7e560ef9-6a7f-430e-bddc-e45422b9cf68','accc648b-514a-4878-add8-8081ce09c695'),('e0f1f8e6-5423-4ce6-801b-0ecfd2b23fa5','7e560ef9-6a7f-430e-bddc-e45422b9cf68','accc648b-514a-4878-add8-8081ce09c695');
/*!40000 ALTER TABLE `reservations` ENABLE KEYS */;
UNLOCK TABLES;

--
-- Table structure for table `tickets`
--

DROP TABLE IF EXISTS `tickets`;
/*!40101 SET @saved_cs_client     = @@character_set_client */;
/*!50503 SET character_set_client = utf8mb4 */;
CREATE TABLE `tickets` (
  `ticket_id` varchar(50) NOT NULL,
  `class_number` int DEFAULT NULL,
  `ticket_price` float DEFAULT NULL,
  `is_it_reserved` tinyint(1) DEFAULT NULL,
  `flight_id` varchar(50) DEFAULT NULL,
  PRIMARY KEY (`ticket_id`),
  KEY `flight_id` (`flight_id`),
  CONSTRAINT `tickets_ibfk_1` FOREIGN KEY (`flight_id`) REFERENCES `flights` (`flight_id`),
  CONSTRAINT `tickets_chk_1` CHECK ((`class_number` in (1,2)))
) ENGINE=InnoDB DEFAULT CHARSET=utf8mb4 COLLATE=utf8mb4_0900_ai_ci;
/*!40101 SET character_set_client = @saved_cs_client */;

--
-- Dumping data for table `tickets`
--

LOCK TABLES `tickets` WRITE;
/*!40000 ALTER TABLE `tickets` DISABLE KEYS */;
INSERT INTO `tickets` VALUES ('00cede90-c942-4cc3-a3ce-b8a571d54352',2,4500,1,'21a863c2-2c84-4bb3-8cc4-956a12d9ab9f'),('01a1d7db-4473-4ac0-a893-e001587bcf71',2,4500,1,'21a863c2-2c84-4bb3-8cc4-956a12d9ab9f'),('02cb01d8-1552-4702-a718-eaa5e35b7d6a',2,4500,1,'21a863c2-2c84-4bb3-8cc4-956a12d9ab9f'),('03efdc2d-8ae3-4bee-981a-4cecaa3d0657',2,0,0,'2cfb8dd8-791f-4a75-9bee-bb5220f3c922'),('0504a673-3aaa-4f5e-8d11-72ce084f8826',1,0,0,'2cfb8dd8-791f-4a75-9bee-bb5220f3c922'),('053020f0-4fb7-47e3-849d-0ce14221eb64',2,0,0,'2cfb8dd8-791f-4a75-9bee-bb5220f3c922'),('0530f3e7-8baf-432a-8cd1-474dd921b21b',2,4500,1,'21a863c2-2c84-4bb3-8cc4-956a12d9ab9f'),('055a926c-6066-4b60-b3b1-f95fd147118c',2,4500,1,'21a863c2-2c84-4bb3-8cc4-956a12d9ab9f'),('066d927e-1208-4104-9cf0-7901e8d8711f',2,0,0,'2cfb8dd8-791f-4a75-9bee-bb5220f3c922'),('06b44704-34f0-41c0-a100-30e537d8cbe3',2,0,0,'2cfb8dd8-791f-4a75-9bee-bb5220f3c922'),('06bdbb0c-d6af-43d6-82b2-e7eee6c2cc30',2,0,0,'2cfb8dd8-791f-4a75-9bee-bb5220f3c922'),('06cc4989-18a9-4fe3-9898-83256f539373',2,0,0,'2cfb8dd8-791f-4a75-9bee-bb5220f3c922'),('07be925c-7289-40c8-ab7f-cf0838cf9198',2,0,0,'2cfb8dd8-791f-4a75-9bee-bb5220f3c922'),('0842ba2c-376a-4ebb-b572-9743367ac60f',2,4500,1,'21a863c2-2c84-4bb3-8cc4-956a12d9ab9f'),('08b0130c-e782-4598-b0f2-2038edea9b11',2,4500,1,'21a863c2-2c84-4bb3-8cc4-956a12d9ab9f'),('0900a248-035d-4a8f-bf50-c3cbed8f9ec1',2,4500,1,'21a863c2-2c84-4bb3-8cc4-956a12d9ab9f'),('0ab38bc6-017e-4dd6-a22a-9c362e228bd7',2,0,0,'2cfb8dd8-791f-4a75-9bee-bb5220f3c922'),('0ad31746-6c2e-45b6-ac5a-687bde4ff33f',2,4500,1,'21a863c2-2c84-4bb3-8cc4-956a12d9ab9f'),('0aeaf004-6920-416d-bbe1-e06cd1e70163',2,0,0,'2cfb8dd8-791f-4a75-9bee-bb5220f3c922'),('0b89be2d-3e10-4484-8050-a46c60582cc5',1,0,0,'2cfb8dd8-791f-4a75-9bee-bb5220f3c922'),('0cb29c02-814d-46c8-9363-35a250163d97',2,0,0,'2cfb8dd8-791f-4a75-9bee-bb5220f3c922'),('0d1bc402-f3c3-4d88-85bb-2844b23ccbbd',2,0,0,'2cfb8dd8-791f-4a75-9bee-bb5220f3c922'),('0d76214e-af8f-4007-b4bf-4a6089091a6b',2,4500,1,'21a863c2-2c84-4bb3-8cc4-956a12d9ab9f'),('0dabf7ff-4118-4c1e-9e77-2271c6230f86',2,0,0,'2cfb8dd8-791f-4a75-9bee-bb5220f3c922'),('0dbadc86-ccf7-4a81-b66f-25463317302f',2,4500,1,'21a863c2-2c84-4bb3-8cc4-956a12d9ab9f'),('0dddb741-4adb-476c-960e-117d70c8a32c',1,0,0,'2cfb8dd8-791f-4a75-9bee-bb5220f3c922'),('0f51260a-ce1a-44e8-848c-5260f3c86208',2,4500,1,'21a863c2-2c84-4bb3-8cc4-956a12d9ab9f'),('0ff72a9c-373f-4eb4-8837-cbda2ef774a9',2,4500,1,'21a863c2-2c84-4bb3-8cc4-956a12d9ab9f'),('112f216a-4873-4df3-91ff-15465f401585',2,4500,1,'21a863c2-2c84-4bb3-8cc4-956a12d9ab9f'),('1136a43e-9525-402c-be1a-6fb671847fd7',2,4500,1,'21a863c2-2c84-4bb3-8cc4-956a12d9ab9f'),('11739c50-ec16-49e6-9d88-18323c2cdf9d',2,0,0,'2cfb8dd8-791f-4a75-9bee-bb5220f3c922'),('118064fa-1afa-4afb-a62c-9fd5d891e079',2,0,0,'2cfb8dd8-791f-4a75-9bee-bb5220f3c922'),('11886f45-100c-4997-b335-d60f89ad3dde',2,0,0,'2cfb8dd8-791f-4a75-9bee-bb5220f3c922'),('11ec7f8b-2144-4c8e-8a48-85f2ecb2fe5e',2,0,0,'2cfb8dd8-791f-4a75-9bee-bb5220f3c922'),('126af1ad-3dd2-43f8-8efc-ef5bf0732f42',2,0,0,'2cfb8dd8-791f-4a75-9bee-bb5220f3c922'),('1295e057-fe4d-4193-8af9-1b7711c7e591',2,4500,1,'21a863c2-2c84-4bb3-8cc4-956a12d9ab9f'),('13465e11-1625-4f43-996c-1ab8fdadeec0',1,0,0,'2cfb8dd8-791f-4a75-9bee-bb5220f3c922'),('13de7988-6d1f-4b99-a74c-2d3dac753df9',2,4500,1,'21a863c2-2c84-4bb3-8cc4-956a12d9ab9f'),('14168beb-3693-487f-b7ae-f660c94ca812',2,0,0,'2cfb8dd8-791f-4a75-9bee-bb5220f3c922'),('17341b93-d76a-4a21-9cc5-60c162dc7d63',2,0,0,'2cfb8dd8-791f-4a75-9bee-bb5220f3c922'),('18d503f9-a612-4f8d-b474-005826870730',2,0,0,'2cfb8dd8-791f-4a75-9bee-bb5220f3c922'),('18d73d9d-daad-4bd2-b8c5-6437dc6d6f79',2,0,0,'2cfb8dd8-791f-4a75-9bee-bb5220f3c922'),('1994deb8-d44f-43ca-84ca-0154ce31beb7',2,0,0,'2cfb8dd8-791f-4a75-9bee-bb5220f3c922'),('1ba1443a-823e-4b25-b92a-94a29770775e',2,0,0,'2cfb8dd8-791f-4a75-9bee-bb5220f3c922'),('1c863c52-2ec7-4b22-90b7-97c02a6e4587',2,4500,1,'21a863c2-2c84-4bb3-8cc4-956a12d9ab9f'),('1c9418ae-8612-4e94-af28-bd95d47b613f',2,4500,1,'21a863c2-2c84-4bb3-8cc4-956a12d9ab9f'),('1e156d49-34c3-4735-8f81-1604b0797ba6',1,0,0,'2cfb8dd8-791f-4a75-9bee-bb5220f3c922'),('1e5a641f-55bb-4e4e-83c6-ff17f2d165a1',2,0,0,'2cfb8dd8-791f-4a75-9bee-bb5220f3c922'),('1e5ed1dc-e17d-4907-998f-5eb9d160cd3e',2,0,0,'2cfb8dd8-791f-4a75-9bee-bb5220f3c922'),('1ea1ce37-b978-4102-915a-29a18561dcc3',2,0,0,'2cfb8dd8-791f-4a75-9bee-bb5220f3c922'),('1fbdd4f5-00ba-4497-aab4-9fa464ed28d9',2,0,0,'2cfb8dd8-791f-4a75-9bee-bb5220f3c922'),('206c99d6-1d01-4fcd-9d56-d4a31e0a50d3',2,4500,1,'21a863c2-2c84-4bb3-8cc4-956a12d9ab9f'),('20f28bfb-4650-4881-a840-fba6d8e2c97d',2,4500,1,'21a863c2-2c84-4bb3-8cc4-956a12d9ab9f'),('21684b66-3e18-4e2b-a3f8-d10fd22d2ed9',2,0,0,'2cfb8dd8-791f-4a75-9bee-bb5220f3c922'),('21986601-d48e-4dcc-bf93-9ae582f89940',2,0,0,'2cfb8dd8-791f-4a75-9bee-bb5220f3c922'),('222c820d-1f03-4ad1-87ee-2bc8ccbabab6',1,0,0,'2cfb8dd8-791f-4a75-9bee-bb5220f3c922'),('227fd5ff-d31f-4e9e-98f8-141d505aebeb',2,4500,1,'21a863c2-2c84-4bb3-8cc4-956a12d9ab9f'),('22ade88c-17cb-4a58-887c-83c6669633c0',2,4500,1,'21a863c2-2c84-4bb3-8cc4-956a12d9ab9f'),('233ab2db-b385-4a3e-a922-dbd33e622a29',2,4500,1,'21a863c2-2c84-4bb3-8cc4-956a12d9ab9f'),('23633e0f-2007-472b-a1a3-e599d5b3e591',2,4500,1,'21a863c2-2c84-4bb3-8cc4-956a12d9ab9f'),('24286ebf-60c3-4ae3-9f46-7cfac1dc0518',2,0,0,'2cfb8dd8-791f-4a75-9bee-bb5220f3c922'),('2486ca0a-62f9-4e2c-8786-2c1a93d071d9',2,0,0,'2cfb8dd8-791f-4a75-9bee-bb5220f3c922'),('2494de1c-afd8-4983-95e8-c5ff6965dcc6',2,0,0,'2cfb8dd8-791f-4a75-9bee-bb5220f3c922'),('24acb55f-eb5a-43f1-909f-df69b5af4f1c',2,4500,1,'21a863c2-2c84-4bb3-8cc4-956a12d9ab9f'),('256339a3-9315-46b8-b6f3-cf254d1e8084',2,0,0,'2cfb8dd8-791f-4a75-9bee-bb5220f3c922'),('257425ad-4bd9-4843-b96e-8707b06b3abf',2,0,0,'2cfb8dd8-791f-4a75-9bee-bb5220f3c922'),('26baea8b-1f0d-4e5b-9fad-dc449554927d',2,4500,1,'21a863c2-2c84-4bb3-8cc4-956a12d9ab9f'),('26d1fdc4-c4be-48d2-b2fe-fc20a7a61abe',2,0,0,'2cfb8dd8-791f-4a75-9bee-bb5220f3c922'),('279684fd-172c-48d2-a594-3b968f23686b',2,4500,1,'21a863c2-2c84-4bb3-8cc4-956a12d9ab9f'),('2a2ddc99-28af-49ab-a612-c646e3806bec',1,0,0,'2cfb8dd8-791f-4a75-9bee-bb5220f3c922'),('2a6b59ed-6140-4d5c-82eb-e8b39985f284',2,4500,1,'21a863c2-2c84-4bb3-8cc4-956a12d9ab9f'),('2a6e70e7-8168-434e-aff7-81b8435e344f',2,0,0,'2cfb8dd8-791f-4a75-9bee-bb5220f3c922'),('2a7fe976-9625-4078-9ac1-3d384ac12673',2,0,0,'2cfb8dd8-791f-4a75-9bee-bb5220f3c922'),('2af90b37-7938-45fc-b706-de4cadba40b9',2,4500,1,'21a863c2-2c84-4bb3-8cc4-956a12d9ab9f'),('2b8ad37a-783e-4c20-a2f6-390555c4fd42',2,0,0,'2cfb8dd8-791f-4a75-9bee-bb5220f3c922'),('2c1b38bd-8a19-4282-9b10-17a1f4400f38',2,0,0,'2cfb8dd8-791f-4a75-9bee-bb5220f3c922'),('2ca7ab84-2ee4-43e2-ad4a-8d51f2451df2',2,0,0,'2cfb8dd8-791f-4a75-9bee-bb5220f3c922'),('2cec93db-29ab-4d8c-b2c2-2d5c6b5594af',2,0,0,'2cfb8dd8-791f-4a75-9bee-bb5220f3c922'),('2d1db3d4-b3ac-4655-8aa2-ca9919a163b4',2,0,0,'2cfb8dd8-791f-4a75-9bee-bb5220f3c922'),('2df98999-1b85-4efd-a47a-4b060bdfe5ec',2,0,0,'2cfb8dd8-791f-4a75-9bee-bb5220f3c922'),('2f9e3538-546d-4603-8170-1bbc3e80eab8',2,0,0,'2cfb8dd8-791f-4a75-9bee-bb5220f3c922'),('3060993d-eed3-48f8-9f6c-1951e36983bc',2,4500,1,'21a863c2-2c84-4bb3-8cc4-956a12d9ab9f'),('3088afa5-ad5c-4647-bd51-881904222f10',2,0,0,'2cfb8dd8-791f-4a75-9bee-bb5220f3c922'),('30ff5379-103a-4939-89d3-ff1d7a21907e',2,4500,1,'21a863c2-2c84-4bb3-8cc4-956a12d9ab9f'),('313fcbb7-eb32-4e27-b650-0f3a843a6de9',2,4500,1,'21a863c2-2c84-4bb3-8cc4-956a12d9ab9f'),('31943b0b-e21e-4a94-be1d-9ae2cedef83f',2,4500,1,'21a863c2-2c84-4bb3-8cc4-956a12d9ab9f'),('31d17fc2-9c87-4e01-9d0b-eee52a957872',2,4500,1,'21a863c2-2c84-4bb3-8cc4-956a12d9ab9f'),('31ebf3c2-8dad-47c3-87cf-c5cbaf5d32aa',2,4500,1,'21a863c2-2c84-4bb3-8cc4-956a12d9ab9f'),('32425ee4-39da-4e3b-bb5d-26f875418dc7',2,0,0,'2cfb8dd8-791f-4a75-9bee-bb5220f3c922'),('32709448-35f4-4eeb-b052-f1dda1baaab7',2,4500,1,'21a863c2-2c84-4bb3-8cc4-956a12d9ab9f'),('32c5abad-7d1a-42eb-a346-cb6b865f0193',2,0,0,'2cfb8dd8-791f-4a75-9bee-bb5220f3c922'),('33098ec7-63e8-4ced-8556-806ac0a4df6c',1,0,0,'2cfb8dd8-791f-4a75-9bee-bb5220f3c922'),('33648456-543d-42a1-bac8-0ddf5cbb5e3c',2,4500,1,'21a863c2-2c84-4bb3-8cc4-956a12d9ab9f'),('33be656f-aa84-4864-acfd-79e28c2024f9',2,0,0,'2cfb8dd8-791f-4a75-9bee-bb5220f3c922'),('348af568-3369-43e8-9bb1-c37e8a307c80',2,4500,1,'21a863c2-2c84-4bb3-8cc4-956a12d9ab9f'),('34cfbc95-0d54-4f9b-bc20-eec646a535a3',2,4500,1,'21a863c2-2c84-4bb3-8cc4-956a12d9ab9f'),('34f7e5b2-ed64-4ddf-8892-9be7a6feb629',2,0,0,'2cfb8dd8-791f-4a75-9bee-bb5220f3c922'),('353a3ee6-c4a2-457f-9ca1-dc2bf3b7a3c6',2,4500,1,'21a863c2-2c84-4bb3-8cc4-956a12d9ab9f'),('35b9364d-afda-44a2-b6bd-ffdd76564c0d',2,0,0,'2cfb8dd8-791f-4a75-9bee-bb5220f3c922'),('35e33ccc-9238-42ec-84b1-3b102aefcafd',2,0,0,'2cfb8dd8-791f-4a75-9bee-bb5220f3c922'),('36ad0774-df7f-4398-b451-0728a6518c4c',2,4500,1,'21a863c2-2c84-4bb3-8cc4-956a12d9ab9f'),('371361ac-16f2-47e7-a312-e2975540a350',2,0,0,'2cfb8dd8-791f-4a75-9bee-bb5220f3c922'),('3728772c-4fab-4135-a3ff-0d0674baf9d2',2,0,0,'2cfb8dd8-791f-4a75-9bee-bb5220f3c922'),('37c7dda3-0851-4145-bdbb-c43075085454',2,4500,1,'21a863c2-2c84-4bb3-8cc4-956a12d9ab9f'),('37f91407-dec2-4709-8b59-1f4f64cdd211',2,4500,1,'21a863c2-2c84-4bb3-8cc4-956a12d9ab9f'),('38688e33-2f1c-4559-86c1-744963491a3e',2,4500,1,'21a863c2-2c84-4bb3-8cc4-956a12d9ab9f'),('387ff78f-c3d5-4332-aa3c-ecd272e5671a',2,0,0,'2cfb8dd8-791f-4a75-9bee-bb5220f3c922'),('39886a45-c727-4156-980e-870903199433',2,0,0,'2cfb8dd8-791f-4a75-9bee-bb5220f3c922'),('3c679ad9-6230-423f-86bf-fb046a8f37be',2,0,0,'2cfb8dd8-791f-4a75-9bee-bb5220f3c922'),('3d6e29bb-15e2-410c-a06b-5dd010f4f31b',1,0,0,'2cfb8dd8-791f-4a75-9bee-bb5220f3c922'),('3f5366dd-e1f6-40c6-91f8-fc739e514fcd',2,0,0,'2cfb8dd8-791f-4a75-9bee-bb5220f3c922'),('409fe1eb-7e38-479c-82a1-f864f4ef4ed6',2,0,0,'2cfb8dd8-791f-4a75-9bee-bb5220f3c922'),('40e70ceb-9609-47f5-93f2-45b552eb66da',2,0,0,'2cfb8dd8-791f-4a75-9bee-bb5220f3c922'),('42f0f56b-66a6-49f3-8d9f-643c13270aba',2,4500,1,'21a863c2-2c84-4bb3-8cc4-956a12d9ab9f'),('444302bf-d9a3-4bfb-91b0-4f617c88757c',2,4500,1,'21a863c2-2c84-4bb3-8cc4-956a12d9ab9f'),('449b65d5-ec8b-4153-9d9b-dcdd5464d354',2,0,0,'2cfb8dd8-791f-4a75-9bee-bb5220f3c922'),('44d22940-51b7-4893-a756-9644a22cf99c',1,0,0,'2cfb8dd8-791f-4a75-9bee-bb5220f3c922'),('45c86ef3-e466-471d-a449-f9acaccdf67e',2,4500,1,'21a863c2-2c84-4bb3-8cc4-956a12d9ab9f'),('4622b507-c4ef-461f-9f90-7f001d9ad3b7',2,0,0,'2cfb8dd8-791f-4a75-9bee-bb5220f3c922'),('46f3bbf1-0e2b-42c3-952c-3354df08faa9',2,4500,1,'21a863c2-2c84-4bb3-8cc4-956a12d9ab9f'),('474ed9e8-d58e-4f90-8601-121d103eac59',2,4500,1,'21a863c2-2c84-4bb3-8cc4-956a12d9ab9f'),('48579175-c512-4082-8418-b8cf667af38d',2,4500,1,'21a863c2-2c84-4bb3-8cc4-956a12d9ab9f'),('4884b5b4-3099-4b9a-a5ca-dd646bc965e9',1,0,0,'2cfb8dd8-791f-4a75-9bee-bb5220f3c922'),('48dc9880-6eb8-4d2b-b536-91ff0008b4fd',2,4500,1,'21a863c2-2c84-4bb3-8cc4-956a12d9ab9f'),('48e4f918-3d79-4bfb-87f6-8d3c879be7c1',2,4500,1,'21a863c2-2c84-4bb3-8cc4-956a12d9ab9f'),('493c06e3-d22f-4e4c-9f4f-7422a78192c6',2,4500,1,'21a863c2-2c84-4bb3-8cc4-956a12d9ab9f'),('493fc1e3-824f-4858-89f5-4ee8c875cbbb',2,0,0,'2cfb8dd8-791f-4a75-9bee-bb5220f3c922'),('4947b96c-96bc-4265-a7c5-c494c3879056',2,0,0,'2cfb8dd8-791f-4a75-9bee-bb5220f3c922'),('4a2f7242-0288-4f5c-baed-589a2e3c99f4',2,4500,1,'21a863c2-2c84-4bb3-8cc4-956a12d9ab9f'),('4aff10d9-422c-4cc7-b636-15d0ad1e529f',2,0,0,'2cfb8dd8-791f-4a75-9bee-bb5220f3c922'),('4bdf2254-699b-4d7c-bdaf-5977f46ac5f5',1,0,0,'2cfb8dd8-791f-4a75-9bee-bb5220f3c922'),('4db2791a-afea-49c0-8474-4bfb8ab8ba68',2,0,0,'2cfb8dd8-791f-4a75-9bee-bb5220f3c922'),('4dc71fb1-ab71-4109-8383-a0e1707c1296',2,0,0,'2cfb8dd8-791f-4a75-9bee-bb5220f3c922'),('5022f732-934d-4380-80c6-db0c13028b05',2,0,0,'2cfb8dd8-791f-4a75-9bee-bb5220f3c922'),('50356949-7c02-4cb0-bbe8-1fe1ff4df63e',2,0,0,'2cfb8dd8-791f-4a75-9bee-bb5220f3c922'),('50c56778-d2bc-4850-bbd4-f94b4a2b091c',2,4500,1,'21a863c2-2c84-4bb3-8cc4-956a12d9ab9f'),('50e68505-1a2b-4402-93fa-4d662698b8d1',2,4500,1,'21a863c2-2c84-4bb3-8cc4-956a12d9ab9f'),('52937058-c5b8-4ec3-9486-8234e2450216',2,0,0,'2cfb8dd8-791f-4a75-9bee-bb5220f3c922'),('537a7d2e-de54-46b7-8ddd-bf088ffb9479',2,4500,1,'21a863c2-2c84-4bb3-8cc4-956a12d9ab9f'),('537add5e-e553-4bc7-9b0a-d2de9b768b21',2,4500,1,'21a863c2-2c84-4bb3-8cc4-956a12d9ab9f'),('53e5861e-88f0-46a4-a71d-80a270f548c5',2,4500,1,'21a863c2-2c84-4bb3-8cc4-956a12d9ab9f'),('54a9d093-bb39-4851-a4df-afacf75a3321',2,4500,1,'21a863c2-2c84-4bb3-8cc4-956a12d9ab9f'),('54f4c133-55fd-439c-b75a-f44bf78347a3',2,0,0,'2cfb8dd8-791f-4a75-9bee-bb5220f3c922'),('5528b46c-0ce8-4f60-9b54-62ab8b2320ba',2,0,0,'2cfb8dd8-791f-4a75-9bee-bb5220f3c922'),('565c6a5e-76b2-4991-b78a-f1e3facec498',2,4500,1,'21a863c2-2c84-4bb3-8cc4-956a12d9ab9f'),('56b8603b-b46f-4e8a-8cbc-96a392082a02',2,0,0,'2cfb8dd8-791f-4a75-9bee-bb5220f3c922'),('57c8589e-e681-4d16-b0e3-866a62c26575',1,0,0,'2cfb8dd8-791f-4a75-9bee-bb5220f3c922'),('59455fc0-755c-428a-8114-ffe838451fa7',2,0,0,'2cfb8dd8-791f-4a75-9bee-bb5220f3c922'),('5a1f3ce7-166d-47a8-b149-5fce4acb9d1d',2,4500,1,'21a863c2-2c84-4bb3-8cc4-956a12d9ab9f'),('5a7980c6-c87e-4881-962a-fc12f9d93401',2,0,0,'2cfb8dd8-791f-4a75-9bee-bb5220f3c922'),('5a93a820-b0d4-4bac-b11a-8c33d7d7ef7e',2,0,0,'2cfb8dd8-791f-4a75-9bee-bb5220f3c922'),('5d414fbb-12aa-4066-8d49-7fe7255b71e6',2,4500,1,'21a863c2-2c84-4bb3-8cc4-956a12d9ab9f'),('5d5c99e3-e81e-4729-ba12-f9cffdf9a9c8',2,0,0,'2cfb8dd8-791f-4a75-9bee-bb5220f3c922'),('5dabf4cd-a0b7-48fb-8c33-b185cbb7f45b',2,4500,1,'21a863c2-2c84-4bb3-8cc4-956a12d9ab9f'),('5e21991f-488e-4f41-b37e-f448297385f1',2,0,0,'2cfb8dd8-791f-4a75-9bee-bb5220f3c922'),('5f04952d-726f-4a12-9496-29851a061398',2,0,0,'2cfb8dd8-791f-4a75-9bee-bb5220f3c922'),('5f622f91-d4e0-4ad8-b6c1-89c1744eec6e',2,4500,1,'21a863c2-2c84-4bb3-8cc4-956a12d9ab9f'),('606e42c7-df7c-4036-bd4f-7ff85e533c03',2,4500,1,'21a863c2-2c84-4bb3-8cc4-956a12d9ab9f'),('60a2e080-7d1c-4c4c-abe5-9e3ca581da51',2,0,0,'2cfb8dd8-791f-4a75-9bee-bb5220f3c922'),('610c92cc-16f8-4718-b598-7eb8bc2a5106',2,0,0,'2cfb8dd8-791f-4a75-9bee-bb5220f3c922'),('612b0e80-16c0-4742-a116-615f86d1ba22',1,0,0,'2cfb8dd8-791f-4a75-9bee-bb5220f3c922'),('61512f9f-870a-48b4-85ed-667c34115131',2,4500,1,'21a863c2-2c84-4bb3-8cc4-956a12d9ab9f'),('61caca03-ba30-467d-a496-7ff81ec28914',2,4500,1,'21a863c2-2c84-4bb3-8cc4-956a12d9ab9f'),('61d75f94-9d8e-4201-a3d9-56bef73020a1',2,4500,1,'21a863c2-2c84-4bb3-8cc4-956a12d9ab9f'),('620843e2-179f-41bd-b88a-f74084b72acd',2,0,0,'2cfb8dd8-791f-4a75-9bee-bb5220f3c922'),('624581bf-b4eb-4c95-984b-699bcefa491e',2,0,0,'2cfb8dd8-791f-4a75-9bee-bb5220f3c922'),('62e7f47d-7ffe-4613-aa37-c43307501cc0',2,4500,1,'21a863c2-2c84-4bb3-8cc4-956a12d9ab9f'),('63528ffa-98b2-4748-ac03-713cdf355037',2,4500,1,'21a863c2-2c84-4bb3-8cc4-956a12d9ab9f'),('64039037-9b74-434b-9491-f5591c901196',2,0,0,'2cfb8dd8-791f-4a75-9bee-bb5220f3c922'),('64eb9a97-b2d4-4f16-be61-960702e5de5c',2,4500,1,'21a863c2-2c84-4bb3-8cc4-956a12d9ab9f'),('65184809-e7da-4ee2-889c-d4400af9ad27',2,0,0,'2cfb8dd8-791f-4a75-9bee-bb5220f3c922'),('652ec85c-d305-4756-9138-15586f382606',2,4500,1,'21a863c2-2c84-4bb3-8cc4-956a12d9ab9f'),('65709463-7900-4be6-a7c3-1caf6ed7c436',2,0,0,'2cfb8dd8-791f-4a75-9bee-bb5220f3c922'),('665c69a5-7783-4c75-a149-28e6abfba2cc',1,0,0,'2cfb8dd8-791f-4a75-9bee-bb5220f3c922'),('66a396a3-267a-48d0-8b73-93202a556bdd',2,4500,1,'21a863c2-2c84-4bb3-8cc4-956a12d9ab9f'),('67312a2a-d7fd-4954-ad85-2d1334fa2f29',2,0,0,'2cfb8dd8-791f-4a75-9bee-bb5220f3c922'),('67adb8aa-3e1a-4732-8fdd-c693804af593',2,4500,1,'21a863c2-2c84-4bb3-8cc4-956a12d9ab9f'),('682d3f61-369e-4408-b7c2-49ca6d2cfad8',2,0,0,'2cfb8dd8-791f-4a75-9bee-bb5220f3c922'),('68326910-9db4-4ffa-b1ce-d15bbfce484f',2,0,0,'2cfb8dd8-791f-4a75-9bee-bb5220f3c922'),('692450f9-190d-47a9-b3bf-549924358c8b',2,0,0,'2cfb8dd8-791f-4a75-9bee-bb5220f3c922'),('6924bd99-f0bb-4fb6-a380-a495d9ac7dd0',2,0,0,'2cfb8dd8-791f-4a75-9bee-bb5220f3c922'),('6a5206c3-842c-4ab8-b828-8bfe5bd83747',2,4500,1,'21a863c2-2c84-4bb3-8cc4-956a12d9ab9f'),('6a9972a2-ca9d-4069-b7d3-9b93e83b323d',2,4500,1,'21a863c2-2c84-4bb3-8cc4-956a12d9ab9f'),('6aed2d70-7271-4f9a-9a13-b9207ec2be81',2,4500,1,'21a863c2-2c84-4bb3-8cc4-956a12d9ab9f'),('6d259eda-a44a-40b7-8b91-fcc6d45d8345',2,0,0,'2cfb8dd8-791f-4a75-9bee-bb5220f3c922'),('6d3f27fd-a5cf-434e-a654-796d8675c40e',2,0,0,'2cfb8dd8-791f-4a75-9bee-bb5220f3c922'),('6db11b4c-9997-4292-ae7a-45b9682e431d',2,4500,1,'21a863c2-2c84-4bb3-8cc4-956a12d9ab9f'),('6dc8f208-c51e-4cb3-b8dd-3d32b3138662',2,0,0,'2cfb8dd8-791f-4a75-9bee-bb5220f3c922'),('70463a1a-b932-4531-9e47-645bf5a95d5c',1,0,0,'2cfb8dd8-791f-4a75-9bee-bb5220f3c922'),('70717dca-9f98-460d-bda4-2477c44d9a17',2,4500,1,'21a863c2-2c84-4bb3-8cc4-956a12d9ab9f'),('7167dc35-7a75-4778-9324-99d06438ea91',2,0,0,'2cfb8dd8-791f-4a75-9bee-bb5220f3c922'),('71a718bc-2ce0-400d-8c13-e897c6d86765',2,0,0,'2cfb8dd8-791f-4a75-9bee-bb5220f3c922'),('71c9f537-70a0-4bc3-ba7e-f9be01d8cd2e',2,0,0,'2cfb8dd8-791f-4a75-9bee-bb5220f3c922'),('71f485b9-b187-421d-a240-d276b530ec72',2,4500,1,'21a863c2-2c84-4bb3-8cc4-956a12d9ab9f'),('73508a77-c70c-44e9-afd6-2324da424b50',2,4500,1,'21a863c2-2c84-4bb3-8cc4-956a12d9ab9f'),('73848061-4e98-4930-be12-0016a3bd2dd6',2,4500,1,'21a863c2-2c84-4bb3-8cc4-956a12d9ab9f'),('7422c053-79e2-42f0-a4ab-ee9655d87c7d',2,0,0,'2cfb8dd8-791f-4a75-9bee-bb5220f3c922'),('752a644e-6508-471b-81b9-974e30d9c92a',2,0,0,'2cfb8dd8-791f-4a75-9bee-bb5220f3c922'),('756163b3-ee93-4bbd-b77e-c147d7301acb',2,0,0,'2cfb8dd8-791f-4a75-9bee-bb5220f3c922'),('75a6b042-f725-4d50-b1fd-5e1272b75096',2,4500,1,'21a863c2-2c84-4bb3-8cc4-956a12d9ab9f'),('7606702b-40ea-49c1-8af8-7c45391c9dcf',2,0,0,'2cfb8dd8-791f-4a75-9bee-bb5220f3c922'),('7690b182-0f75-490d-91f1-6130985d317c',2,4500,1,'21a863c2-2c84-4bb3-8cc4-956a12d9ab9f'),('76c4e82a-078a-4947-b496-e8e6ef4d7e85',2,0,0,'2cfb8dd8-791f-4a75-9bee-bb5220f3c922'),('77a012b2-d1d5-4e12-a704-c08e06c58c3a',2,4500,1,'21a863c2-2c84-4bb3-8cc4-956a12d9ab9f'),('77a7ed7a-773a-4476-8f8e-55c9b1e74767',2,0,0,'2cfb8dd8-791f-4a75-9bee-bb5220f3c922'),('77d4ceea-1df8-4ae1-9fa4-38182b53245f',2,4500,1,'21a863c2-2c84-4bb3-8cc4-956a12d9ab9f'),('78418aae-45af-476a-a000-8a55c2254de3',2,0,0,'2cfb8dd8-791f-4a75-9bee-bb5220f3c922'),('78aaa1a4-7931-46d9-a4f4-5800e9897f1f',2,0,0,'2cfb8dd8-791f-4a75-9bee-bb5220f3c922'),('7920e810-3b41-4b52-904c-6867f35d7f36',2,4500,1,'21a863c2-2c84-4bb3-8cc4-956a12d9ab9f'),('795a3ed2-fae5-485e-ad65-77176972ece1',2,0,0,'2cfb8dd8-791f-4a75-9bee-bb5220f3c922'),('7a43d03d-b7a6-4bca-a602-774ab0a7cc2e',2,0,0,'2cfb8dd8-791f-4a75-9bee-bb5220f3c922'),('7b494fbc-2f0d-42d0-afbc-659c8a695282',2,4500,1,'21a863c2-2c84-4bb3-8cc4-956a12d9ab9f'),('7b85848b-e8f0-49c0-8392-b654521bd00c',2,4500,1,'21a863c2-2c84-4bb3-8cc4-956a12d9ab9f'),('7d7db28d-bf25-46f4-8327-b875a2c9ee55',2,4500,1,'21a863c2-2c84-4bb3-8cc4-956a12d9ab9f'),('7da93608-efda-41da-a010-dfee9225497f',2,0,0,'2cfb8dd8-791f-4a75-9bee-bb5220f3c922'),('7dad6327-1fb7-4005-943f-d42da5cc4306',2,0,0,'2cfb8dd8-791f-4a75-9bee-bb5220f3c922'),('7e3e32ca-e667-4ef0-9c3b-31ea12a48109',2,0,0,'2cfb8dd8-791f-4a75-9bee-bb5220f3c922'),('7e560ef9-6a7f-430e-bddc-e45422b9cf68',2,4500,1,'21a863c2-2c84-4bb3-8cc4-956a12d9ab9f'),('7fe5688b-c934-4771-af5f-cdd3d46bc97b',2,0,0,'2cfb8dd8-791f-4a75-9bee-bb5220f3c922'),('803a7b2f-d4ef-47eb-b0f7-7c784dfc5ee6',2,4500,1,'21a863c2-2c84-4bb3-8cc4-956a12d9ab9f'),('8105c9b3-4217-4a6c-af22-6342619c0cb5',2,4500,1,'21a863c2-2c84-4bb3-8cc4-956a12d9ab9f'),('818afab5-331f-4da6-a63b-1ffc96cd8870',2,0,0,'2cfb8dd8-791f-4a75-9bee-bb5220f3c922'),('81deeb2c-88c6-4b5e-9962-bbaae3a14eb1',1,0,0,'2cfb8dd8-791f-4a75-9bee-bb5220f3c922'),('82be79be-62f6-4f18-bec1-1de0037ac582',2,4500,1,'21a863c2-2c84-4bb3-8cc4-956a12d9ab9f'),('82c8d5f9-2100-4b8b-a51f-6427313e004f',2,0,0,'2cfb8dd8-791f-4a75-9bee-bb5220f3c922'),('832bb1ab-d7df-41b0-b1b7-0773cd35556a',2,4500,1,'21a863c2-2c84-4bb3-8cc4-956a12d9ab9f'),('83611f1f-2c49-418a-946e-9d6e0e5495f6',2,0,0,'2cfb8dd8-791f-4a75-9bee-bb5220f3c922'),('837a5f4f-e56f-4260-aa29-0505a189e2d1',2,0,0,'2cfb8dd8-791f-4a75-9bee-bb5220f3c922'),('83baedec-a204-45a0-99fb-a61cfea832e4',2,0,0,'2cfb8dd8-791f-4a75-9bee-bb5220f3c922'),('863bf231-05f1-4de0-a291-77be198b4bda',2,4500,1,'21a863c2-2c84-4bb3-8cc4-956a12d9ab9f'),('864c3287-0717-4679-8c19-ec70dd87931b',2,4500,1,'21a863c2-2c84-4bb3-8cc4-956a12d9ab9f'),('86fe1bde-b281-4793-b6c7-80345c5c45c1',2,0,0,'2cfb8dd8-791f-4a75-9bee-bb5220f3c922'),('871ad04e-190b-4075-8cb8-936518876e12',2,4500,1,'21a863c2-2c84-4bb3-8cc4-956a12d9ab9f'),('882ae628-91c6-4489-a781-0d877d82e3c1',2,0,0,'2cfb8dd8-791f-4a75-9bee-bb5220f3c922'),('885d6bb4-ef96-4661-ac3f-0ac5953b953a',2,4500,1,'21a863c2-2c84-4bb3-8cc4-956a12d9ab9f'),('8935ce30-95f7-4c99-8e77-f178925dc6c8',2,4500,1,'21a863c2-2c84-4bb3-8cc4-956a12d9ab9f'),('89b971b5-d08a-4e3d-9f14-141510e1fa84',2,4500,1,'21a863c2-2c84-4bb3-8cc4-956a12d9ab9f'),('89db23e2-5daa-448c-9797-a94972d2b1cd',2,4500,1,'21a863c2-2c84-4bb3-8cc4-956a12d9ab9f'),('8a3fb1eb-326b-4861-b532-0bcd8d5e4f27',2,4500,1,'21a863c2-2c84-4bb3-8cc4-956a12d9ab9f'),('8b074b44-0443-4a92-818c-7d71d075b351',2,0,0,'2cfb8dd8-791f-4a75-9bee-bb5220f3c922'),('8b55be03-952f-4110-aa45-8ffc49daf2b7',2,0,0,'2cfb8dd8-791f-4a75-9bee-bb5220f3c922'),('8beef301-cf55-4956-832e-3eb074c9254e',2,0,0,'2cfb8dd8-791f-4a75-9bee-bb5220f3c922'),('8cecfc87-ce19-429b-8cb3-fde3dce49073',2,0,0,'2cfb8dd8-791f-4a75-9bee-bb5220f3c922'),('8d215701-b284-457a-9ac4-55e8719871f5',2,0,0,'2cfb8dd8-791f-4a75-9bee-bb5220f3c922'),('8e033b6a-46be-40b7-9b62-9ac90f604477',2,0,0,'2cfb8dd8-791f-4a75-9bee-bb5220f3c922'),('8e95bb25-8309-4887-993c-1aa8b6bb9fca',2,0,0,'2cfb8dd8-791f-4a75-9bee-bb5220f3c922'),('8f189f1a-b49e-4603-998e-e63120206d63',2,0,0,'2cfb8dd8-791f-4a75-9bee-bb5220f3c922'),('8f57da2d-8329-4ad3-a502-d587074ef556',2,0,0,'2cfb8dd8-791f-4a75-9bee-bb5220f3c922'),('8fd4b094-c44a-4451-84f5-991e531ba05f',2,0,0,'2cfb8dd8-791f-4a75-9bee-bb5220f3c922'),('9028521c-d588-410f-90fc-b4054012f045',1,0,0,'2cfb8dd8-791f-4a75-9bee-bb5220f3c922'),('907589c1-f86c-4ec2-8db9-a51b8ef1a7d7',2,4500,1,'21a863c2-2c84-4bb3-8cc4-956a12d9ab9f'),('90c56796-4977-47a9-a3f0-e040a9f88d30',2,0,0,'2cfb8dd8-791f-4a75-9bee-bb5220f3c922'),('90c721b0-e89f-4316-b23f-56ae114416fd',2,0,0,'2cfb8dd8-791f-4a75-9bee-bb5220f3c922'),('91427c20-6130-4881-b8dd-3e0214c83fc4',2,0,0,'2cfb8dd8-791f-4a75-9bee-bb5220f3c922'),('93458bf2-02e6-4fd1-b49b-8e5def19b8c7',2,4500,1,'21a863c2-2c84-4bb3-8cc4-956a12d9ab9f'),('949c599f-e8ef-476e-b759-fdccdbede391',2,4500,1,'21a863c2-2c84-4bb3-8cc4-956a12d9ab9f'),('961bdd41-e594-4a71-9fb0-ccf865041015',2,4500,1,'21a863c2-2c84-4bb3-8cc4-956a12d9ab9f'),('9668c5d4-20dd-4105-8f3e-23ce76285925',2,4500,1,'21a863c2-2c84-4bb3-8cc4-956a12d9ab9f'),('9758f0cb-2736-4624-a962-4855351f6ddc',2,4500,1,'21a863c2-2c84-4bb3-8cc4-956a12d9ab9f'),('980d4ffc-8725-4748-8b1f-baf1c567d2c3',2,4500,1,'21a863c2-2c84-4bb3-8cc4-956a12d9ab9f'),('998bebfd-fe92-4483-8733-9500c05a0f11',2,0,0,'2cfb8dd8-791f-4a75-9bee-bb5220f3c922'),('99b0f96d-1291-4d25-821f-8eb6f52e3370',2,4500,1,'21a863c2-2c84-4bb3-8cc4-956a12d9ab9f'),('99cf25fa-2d37-43f6-8f8e-c97cfe905266',2,0,0,'2cfb8dd8-791f-4a75-9bee-bb5220f3c922'),('9a091aa2-54fd-405a-b998-35c25d709554',2,0,0,'2cfb8dd8-791f-4a75-9bee-bb5220f3c922'),('9a706da9-2aa4-4073-8894-83637c9f328d',2,4500,1,'21a863c2-2c84-4bb3-8cc4-956a12d9ab9f'),('9a95f06c-ffe6-486c-8c41-5ef4a07e6073',2,0,0,'2cfb8dd8-791f-4a75-9bee-bb5220f3c922'),('9b3751e2-840e-4b7c-8f64-bee078868958',2,4500,1,'21a863c2-2c84-4bb3-8cc4-956a12d9ab9f'),('9c1d36fb-d152-4ce4-8cb2-130c0e8580bd',2,0,0,'2cfb8dd8-791f-4a75-9bee-bb5220f3c922'),('9c83ffd9-1d67-4524-8c4c-dd20f818df9b',2,0,0,'2cfb8dd8-791f-4a75-9bee-bb5220f3c922'),('9d61b57c-d1f4-4787-9b53-c49b4f32fb44',2,0,0,'2cfb8dd8-791f-4a75-9bee-bb5220f3c922'),('9d695293-0aed-48c4-b53d-328750b82661',2,4500,1,'21a863c2-2c84-4bb3-8cc4-956a12d9ab9f'),('9dc86bf6-2d68-42de-a694-5c191264b30d',2,0,0,'2cfb8dd8-791f-4a75-9bee-bb5220f3c922'),('9ebf84b4-adec-47fc-be89-75e2cec65144',2,4500,1,'21a863c2-2c84-4bb3-8cc4-956a12d9ab9f'),('9f306882-9c8b-4743-9194-df1c366cdd5e',2,4500,1,'21a863c2-2c84-4bb3-8cc4-956a12d9ab9f'),('9f33418b-4d1b-4bad-8e96-563b58b4ea73',2,4500,1,'21a863c2-2c84-4bb3-8cc4-956a12d9ab9f'),('a05f8eb7-b59a-4e26-9cd7-a2f4a0ee9ff8',2,0,0,'2cfb8dd8-791f-4a75-9bee-bb5220f3c922'),('a0aab55d-b0f0-4e5d-88f0-39d365bd637e',2,0,0,'2cfb8dd8-791f-4a75-9bee-bb5220f3c922'),('a0e283b6-d3a5-4a6c-a784-b5e57afbaf0a',2,0,0,'2cfb8dd8-791f-4a75-9bee-bb5220f3c922'),('a188a5b5-d205-43f0-8dc7-9b020e7efca5',2,4500,1,'21a863c2-2c84-4bb3-8cc4-956a12d9ab9f'),('a3a06f2d-5985-4c66-af50-f78799d13bdc',2,0,0,'2cfb8dd8-791f-4a75-9bee-bb5220f3c922'),('a41c67c4-10b4-438d-b5d1-eba5f82fe9e7',2,0,0,'2cfb8dd8-791f-4a75-9bee-bb5220f3c922'),('a5fd9bfd-55cd-4bdc-a53a-24005403dd28',2,0,0,'2cfb8dd8-791f-4a75-9bee-bb5220f3c922'),('a70eca85-28cc-4737-9865-401758cc6490',2,0,0,'2cfb8dd8-791f-4a75-9bee-bb5220f3c922'),('a7214edf-f904-4cb7-ae8e-ccc44c84b223',2,0,0,'2cfb8dd8-791f-4a75-9bee-bb5220f3c922'),('a7310064-f5ba-4ecb-8b66-99f88019ef16',2,4500,1,'21a863c2-2c84-4bb3-8cc4-956a12d9ab9f'),('a7af06ec-3f40-4ca0-8fef-366257dbdc00',2,4500,1,'21a863c2-2c84-4bb3-8cc4-956a12d9ab9f'),('a7d0683d-b30c-4d54-8ed0-0f32e481e69c',2,4500,1,'21a863c2-2c84-4bb3-8cc4-956a12d9ab9f'),('a96b76d7-4cbb-4555-bb2b-98a5d49b9c97',2,4500,1,'21a863c2-2c84-4bb3-8cc4-956a12d9ab9f'),('aaf26258-c6df-4239-a81e-c0deb37f962b',2,4500,1,'21a863c2-2c84-4bb3-8cc4-956a12d9ab9f'),('ab177ee7-37f5-4804-87d9-5798439bc698',2,0,0,'2cfb8dd8-791f-4a75-9bee-bb5220f3c922'),('ab67e962-5348-4014-a380-c1e219c21de4',2,0,0,'2cfb8dd8-791f-4a75-9bee-bb5220f3c922'),('ab76c487-1814-4311-a738-355835181f6c',2,4500,1,'21a863c2-2c84-4bb3-8cc4-956a12d9ab9f'),('ab945afa-8786-497e-8589-a0b4a5318c84',2,4500,1,'21a863c2-2c84-4bb3-8cc4-956a12d9ab9f'),('abf97737-7b75-4b66-84f6-f33c866e5352',2,0,0,'2cfb8dd8-791f-4a75-9bee-bb5220f3c922'),('ac38b1a4-a4b7-48c2-a103-3d9f468c1b16',2,0,0,'2cfb8dd8-791f-4a75-9bee-bb5220f3c922'),('aca1086d-8dca-4e08-b5b8-43d9cb0004bd',2,4500,1,'21a863c2-2c84-4bb3-8cc4-956a12d9ab9f'),('aca2424a-085b-41f8-9637-fa4dd967beb3',2,0,0,'2cfb8dd8-791f-4a75-9bee-bb5220f3c922'),('ad09498a-8d51-4708-806e-e43f466d776c',2,0,0,'2cfb8dd8-791f-4a75-9bee-bb5220f3c922'),('ad82aed6-8052-49f5-b7b3-d68823e6a1e3',2,0,0,'2cfb8dd8-791f-4a75-9bee-bb5220f3c922'),('af6b1457-1adf-4ba5-9bf6-4936a27d2462',2,4500,1,'21a863c2-2c84-4bb3-8cc4-956a12d9ab9f'),('afcf690a-1223-4391-b40a-65e58c8b8c78',1,0,0,'2cfb8dd8-791f-4a75-9bee-bb5220f3c922'),('b0651c74-b8bd-4a42-81be-00524d55797d',2,0,0,'2cfb8dd8-791f-4a75-9bee-bb5220f3c922'),('b0681b91-7dc6-4998-965f-9bf5cbf46ce4',2,0,0,'2cfb8dd8-791f-4a75-9bee-bb5220f3c922'),('b11aee8a-6d11-4fd0-a227-7e32bf6df8d2',1,0,0,'2cfb8dd8-791f-4a75-9bee-bb5220f3c922'),('b18c67e3-817d-4f8b-860a-c31515057be8',2,4500,1,'21a863c2-2c84-4bb3-8cc4-956a12d9ab9f'),('b1b6d8d9-153c-4706-82a2-3c628e5fe4f4',2,0,0,'2cfb8dd8-791f-4a75-9bee-bb5220f3c922'),('b228ca21-e3a9-4e46-a2aa-217ef453b6fe',2,4500,1,'21a863c2-2c84-4bb3-8cc4-956a12d9ab9f'),('b24579c8-5507-4aa4-869b-51bb4afd21b7',2,4500,1,'21a863c2-2c84-4bb3-8cc4-956a12d9ab9f'),('b381eab3-6bcf-4d15-9c56-5af0a5163280',2,4500,1,'21a863c2-2c84-4bb3-8cc4-956a12d9ab9f'),('b3a0be62-63a2-441a-8004-bcbc0f4167a2',2,4500,1,'21a863c2-2c84-4bb3-8cc4-956a12d9ab9f'),('b3edc55a-962f-4240-846b-2edd57f6be3d',2,0,0,'2cfb8dd8-791f-4a75-9bee-bb5220f3c922'),('b4454b4a-9404-4b38-8a3b-c103d9b75fbf',2,4500,1,'21a863c2-2c84-4bb3-8cc4-956a12d9ab9f'),('b4ebd1fa-55fd-4d2c-b7be-087be518876c',2,0,0,'2cfb8dd8-791f-4a75-9bee-bb5220f3c922'),('b51b07a2-b703-4bf3-bd27-e8f99228a3fa',2,0,0,'2cfb8dd8-791f-4a75-9bee-bb5220f3c922'),('b5b77085-3f83-41b8-81a9-957f1e6dc913',2,0,0,'2cfb8dd8-791f-4a75-9bee-bb5220f3c922'),('b68c43d2-586a-41bd-8cb8-607b3b373d78',2,0,0,'2cfb8dd8-791f-4a75-9bee-bb5220f3c922'),('b690e018-d6f3-46e9-b31f-d740a29cfc3c',2,4500,1,'21a863c2-2c84-4bb3-8cc4-956a12d9ab9f'),('b8812ad6-26c4-410c-a2a0-468721dc1481',2,4500,1,'21a863c2-2c84-4bb3-8cc4-956a12d9ab9f'),('b8be6409-8489-498c-8cf3-3466863fa76e',1,0,0,'2cfb8dd8-791f-4a75-9bee-bb5220f3c922'),('b8ff9c9f-f942-48ce-a36b-148a5cbe5033',2,4500,1,'21a863c2-2c84-4bb3-8cc4-956a12d9ab9f'),('ba645831-32ae-49a8-ace9-413e51e61e64',2,0,0,'2cfb8dd8-791f-4a75-9bee-bb5220f3c922'),('ba945870-3ab8-4ff0-ab45-1d57b4ef3ad9',1,0,0,'2cfb8dd8-791f-4a75-9bee-bb5220f3c922'),('bb00e7c4-be94-4d38-b63b-a4b57caf327f',1,0,0,'2cfb8dd8-791f-4a75-9bee-bb5220f3c922'),('bb3dbb1a-a3ce-4bbd-9692-b898de8399e8',2,4500,1,'21a863c2-2c84-4bb3-8cc4-956a12d9ab9f'),('bb50c0c2-7cb5-4a8f-a012-6f3ab0bbf8cc',2,0,0,'2cfb8dd8-791f-4a75-9bee-bb5220f3c922'),('bbb44187-fa38-442f-8e9e-a51d913fd925',2,4500,1,'21a863c2-2c84-4bb3-8cc4-956a12d9ab9f'),('bc3e856a-36b6-438f-9a5d-86d71ed92351',2,4500,1,'21a863c2-2c84-4bb3-8cc4-956a12d9ab9f'),('bd86c1cd-8c2b-496f-8a7f-376d9d88e5e2',2,0,0,'2cfb8dd8-791f-4a75-9bee-bb5220f3c922'),('bdb21d96-b630-4f15-9145-983b2c90e79b',2,4500,1,'21a863c2-2c84-4bb3-8cc4-956a12d9ab9f'),('bea9295b-5b2d-424a-95ea-e9e9adaf4519',2,4500,1,'21a863c2-2c84-4bb3-8cc4-956a12d9ab9f'),('bebf4030-36e9-4192-b5f7-c1cf358fa283',2,0,0,'2cfb8dd8-791f-4a75-9bee-bb5220f3c922'),('bf67ff21-66df-47c6-9e09-96a7e5cc1629',2,4500,1,'21a863c2-2c84-4bb3-8cc4-956a12d9ab9f'),('c0105762-b3f5-4993-b925-2c96b0c959e2',2,0,0,'2cfb8dd8-791f-4a75-9bee-bb5220f3c922'),('c17c3c26-7062-44eb-946f-3b54389e2033',2,0,0,'2cfb8dd8-791f-4a75-9bee-bb5220f3c922'),('c23cb95e-ed4d-4f3b-912d-7f4b278a3aa8',2,0,0,'2cfb8dd8-791f-4a75-9bee-bb5220f3c922'),('c23d588d-5e5a-445c-81e8-fb979bdaf73e',2,0,0,'2cfb8dd8-791f-4a75-9bee-bb5220f3c922'),('c270840e-f5b7-468d-9039-d64412a1acd6',1,0,0,'2cfb8dd8-791f-4a75-9bee-bb5220f3c922'),('c392d0d9-52a8-4bf3-a1a2-af53f9070acb',2,0,0,'2cfb8dd8-791f-4a75-9bee-bb5220f3c922'),('c4aaf1f6-3f65-4203-8496-775f816820f4',1,0,0,'2cfb8dd8-791f-4a75-9bee-bb5220f3c922'),('c4f3a550-78a9-4651-8ab5-321f4c702fc0',2,0,0,'2cfb8dd8-791f-4a75-9bee-bb5220f3c922'),('c52560a9-3e43-4159-b976-daf66ebcb091',2,4500,1,'21a863c2-2c84-4bb3-8cc4-956a12d9ab9f'),('c6239cc9-2d32-42de-aa35-a07fb4e3905d',1,0,0,'2cfb8dd8-791f-4a75-9bee-bb5220f3c922'),('c64bf54b-e732-42f1-8d40-be3acba8db3a',2,0,0,'2cfb8dd8-791f-4a75-9bee-bb5220f3c922'),('c67077fb-a2b9-445a-a5d0-e790438fa9af',2,4500,1,'21a863c2-2c84-4bb3-8cc4-956a12d9ab9f'),('c7678c7a-2068-402d-82fe-7e750c98e460',2,4500,1,'21a863c2-2c84-4bb3-8cc4-956a12d9ab9f'),('cacde7cc-5e29-4182-8154-38197221fd0a',2,0,0,'2cfb8dd8-791f-4a75-9bee-bb5220f3c922'),('cb4d4b21-5eea-4427-a5b3-9b1c8d8ef4cf',2,0,0,'2cfb8dd8-791f-4a75-9bee-bb5220f3c922'),('cb6681f6-a239-4a3c-a1c9-a3555537cad6',2,0,0,'2cfb8dd8-791f-4a75-9bee-bb5220f3c922'),('cbd46b8b-f498-410e-bd3c-38b644d7d9d8',2,4500,1,'21a863c2-2c84-4bb3-8cc4-956a12d9ab9f'),('cc439e59-fcda-446e-b561-ccbc5db6cb41',2,4500,1,'21a863c2-2c84-4bb3-8cc4-956a12d9ab9f'),('ccddf377-808e-4a12-a0b8-6c37753dda21',2,4500,1,'21a863c2-2c84-4bb3-8cc4-956a12d9ab9f'),('cce23dc6-f95d-4d26-b8f0-23fc2c3a59f2',2,4500,1,'21a863c2-2c84-4bb3-8cc4-956a12d9ab9f'),('cd020cf1-6ad7-4192-9ead-faa899f29036',2,0,0,'2cfb8dd8-791f-4a75-9bee-bb5220f3c922'),('cdc337ea-8c6a-4042-bfcc-a3d1d7867519',2,4500,1,'21a863c2-2c84-4bb3-8cc4-956a12d9ab9f'),('cdfd0572-265b-4391-918c-7bee4ff742f0',2,0,0,'2cfb8dd8-791f-4a75-9bee-bb5220f3c922'),('ce26550e-0d96-4efb-8a6b-9500bd4be4fd',2,0,0,'2cfb8dd8-791f-4a75-9bee-bb5220f3c922'),('d0c9fec0-b77d-4133-8ad2-aa4bc3a18884',2,0,0,'2cfb8dd8-791f-4a75-9bee-bb5220f3c922'),('d2370cd5-c37f-4c29-b56e-0ec5c0b6e872',2,4500,1,'21a863c2-2c84-4bb3-8cc4-956a12d9ab9f'),('d3f6dde2-07ca-4630-88c3-61db42f11b42',2,4500,1,'21a863c2-2c84-4bb3-8cc4-956a12d9ab9f'),('d4ae265b-1f1b-478e-851e-ee030f05e25e',2,4500,1,'21a863c2-2c84-4bb3-8cc4-956a12d9ab9f'),('d4c10b9d-8da0-4647-a31e-274a9f14af20',2,4500,1,'21a863c2-2c84-4bb3-8cc4-956a12d9ab9f'),('d4fa6d56-8a7f-408a-8185-b947900cf137',2,4500,1,'21a863c2-2c84-4bb3-8cc4-956a12d9ab9f'),('d5541310-3343-4bcf-861c-1dfab3331270',2,0,0,'2cfb8dd8-791f-4a75-9bee-bb5220f3c922'),('d564ab99-baeb-4494-bcba-8c3a65bbdd77',2,4500,1,'21a863c2-2c84-4bb3-8cc4-956a12d9ab9f'),('d655858e-45b9-4bbc-84ba-cc0ea9c82d7a',2,4500,1,'21a863c2-2c84-4bb3-8cc4-956a12d9ab9f'),('d694d618-f78e-4b06-a7ae-af170d31672d',2,4500,1,'21a863c2-2c84-4bb3-8cc4-956a12d9ab9f'),('d6eaf1be-8082-4dc1-b722-c7208c349dc7',2,4500,1,'21a863c2-2c84-4bb3-8cc4-956a12d9ab9f'),('d7e19973-c504-4e1e-b7e8-3118b540b836',2,0,0,'2cfb8dd8-791f-4a75-9bee-bb5220f3c922'),('d93aeec8-afc4-4749-99ab-c04bda5def29',2,0,0,'2cfb8dd8-791f-4a75-9bee-bb5220f3c922'),('d9b04184-8567-4a27-9977-56049d103fd2',2,0,0,'2cfb8dd8-791f-4a75-9bee-bb5220f3c922'),('da205a78-e292-4b70-bc19-4262f81700ba',2,0,0,'2cfb8dd8-791f-4a75-9bee-bb5220f3c922'),('dac32860-88d3-4f1f-a471-054d92649d03',2,4500,1,'21a863c2-2c84-4bb3-8cc4-956a12d9ab9f'),('db37589c-d247-4fef-a462-3c19ec72ae38',2,4500,1,'21a863c2-2c84-4bb3-8cc4-956a12d9ab9f'),('dba74c38-22d1-4cea-bde8-22b1255b3f0a',2,4500,1,'21a863c2-2c84-4bb3-8cc4-956a12d9ab9f'),('dbbef34d-3163-41f8-b2c3-fc0a95f86550',2,4500,1,'21a863c2-2c84-4bb3-8cc4-956a12d9ab9f'),('dbeda838-2b5c-419c-acb8-be36550e6271',2,4500,1,'21a863c2-2c84-4bb3-8cc4-956a12d9ab9f'),('dc1085a0-262c-4008-b993-b128a08c69ed',2,0,0,'2cfb8dd8-791f-4a75-9bee-bb5220f3c922'),('dc325a1b-faf2-486c-b77b-4ac1e5493f01',1,0,0,'2cfb8dd8-791f-4a75-9bee-bb5220f3c922'),('dc363530-8675-4ea5-aaae-c3a29ce409a8',2,4500,1,'21a863c2-2c84-4bb3-8cc4-956a12d9ab9f'),('dd1790b3-1912-4efe-a05d-c60bb638bdd0',2,0,0,'2cfb8dd8-791f-4a75-9bee-bb5220f3c922'),('dd6d10d5-a91d-4ab9-8d6b-15ee62ef07b3',2,4500,1,'21a863c2-2c84-4bb3-8cc4-956a12d9ab9f'),('de2785c3-5b62-4e28-96c5-68ef5f7aa831',2,0,0,'2cfb8dd8-791f-4a75-9bee-bb5220f3c922'),('df04343d-a7f7-4d61-b59c-2f207c316bd3',2,4500,1,'21a863c2-2c84-4bb3-8cc4-956a12d9ab9f'),('df3a8040-9181-48c5-b81e-b71add9753c4',2,0,0,'2cfb8dd8-791f-4a75-9bee-bb5220f3c922'),('df4f1b00-5579-40cf-934b-5e09d2fe14bc',2,4500,1,'21a863c2-2c84-4bb3-8cc4-956a12d9ab9f'),('dfb8ad90-bc79-4e0b-9685-0760cd08a68b',2,0,0,'2cfb8dd8-791f-4a75-9bee-bb5220f3c922'),('e01bdbf5-697e-4615-abf5-84114b6a6b74',1,0,0,'2cfb8dd8-791f-4a75-9bee-bb5220f3c922'),('e0af6333-bbdf-41ae-9397-919bc0f8fce5',2,0,0,'2cfb8dd8-791f-4a75-9bee-bb5220f3c922'),('e1a6f7bc-25ae-4afc-93c1-0c0ab714827a',2,4500,1,'21a863c2-2c84-4bb3-8cc4-956a12d9ab9f'),('e1e05800-f645-4554-a534-ff6428090d1d',2,4500,1,'21a863c2-2c84-4bb3-8cc4-956a12d9ab9f'),('e2731f83-b70c-4c07-9fa1-4e97e0d02bd8',2,0,0,'2cfb8dd8-791f-4a75-9bee-bb5220f3c922'),('e2c9f429-e236-4daf-b5d7-2085e3cf7495',2,0,0,'2cfb8dd8-791f-4a75-9bee-bb5220f3c922'),('e2cacee8-2b5f-45dd-a6b1-c129933fd9a2',2,0,0,'2cfb8dd8-791f-4a75-9bee-bb5220f3c922'),('e2db131c-3b45-4d3d-809a-8cb38502974d',2,4500,1,'21a863c2-2c84-4bb3-8cc4-956a12d9ab9f'),('e2ddd165-6520-4dd0-99ad-be2879a2d657',2,0,0,'2cfb8dd8-791f-4a75-9bee-bb5220f3c922'),('e382fcb8-231f-402a-bfc0-2841940b9b6b',2,4500,1,'21a863c2-2c84-4bb3-8cc4-956a12d9ab9f'),('e38ecd8f-8368-4265-8d86-9404dacc4f1d',2,4500,1,'21a863c2-2c84-4bb3-8cc4-956a12d9ab9f'),('e5792281-fd9a-4433-a97f-255984c087c7',2,4500,1,'21a863c2-2c84-4bb3-8cc4-956a12d9ab9f'),('e6979bca-ed9c-4635-aa44-f055ec839bd4',2,0,0,'2cfb8dd8-791f-4a75-9bee-bb5220f3c922'),('e6bd545b-184a-4619-884b-47b73aeb02c4',2,0,0,'2cfb8dd8-791f-4a75-9bee-bb5220f3c922'),('e6e29f39-9510-4617-8416-e21e3924188f',2,4500,1,'21a863c2-2c84-4bb3-8cc4-956a12d9ab9f'),('e744e2d6-0630-4b02-9af0-3da0cf0c7c13',2,0,0,'2cfb8dd8-791f-4a75-9bee-bb5220f3c922'),('e7e3548d-1397-448a-99f7-966aa1285fe2',2,4500,1,'21a863c2-2c84-4bb3-8cc4-956a12d9ab9f'),('e7ebd725-131d-48b1-9ad9-4a2170d31a8f',2,0,0,'2cfb8dd8-791f-4a75-9bee-bb5220f3c922'),('e7f1eaf5-5337-4097-9d30-f2c4b0e7485a',2,4500,1,'21a863c2-2c84-4bb3-8cc4-956a12d9ab9f'),('e8a85d5e-882e-4406-8ad0-4ffec2f58b09',2,0,0,'2cfb8dd8-791f-4a75-9bee-bb5220f3c922'),('e8c022bf-ad49-4ab0-845b-82310803fbbd',2,0,0,'2cfb8dd8-791f-4a75-9bee-bb5220f3c922'),('e93f978c-33ff-45c9-ab1b-3b5f83f767eb',2,4500,1,'21a863c2-2c84-4bb3-8cc4-956a12d9ab9f'),('e9552c07-0843-4daf-b769-871aa92da19a',2,0,0,'2cfb8dd8-791f-4a75-9bee-bb5220f3c922'),('ea69f863-95b8-4191-b3f9-e5f93e4300e3',2,0,0,'2cfb8dd8-791f-4a75-9bee-bb5220f3c922'),('eaf7dce6-9acf-428f-8134-b0f603bf6714',2,0,0,'2cfb8dd8-791f-4a75-9bee-bb5220f3c922'),('eafbdb5a-36dd-4070-810a-1941d5524e9c',2,4500,1,'21a863c2-2c84-4bb3-8cc4-956a12d9ab9f'),('eb51fa28-1142-4a66-9cf7-1f72a0610d5b',2,4500,1,'21a863c2-2c84-4bb3-8cc4-956a12d9ab9f'),('ec4afef3-0818-43c0-93bc-399bd2f469aa',1,0,0,'2cfb8dd8-791f-4a75-9bee-bb5220f3c922'),('edc85371-d2d1-484d-a2ec-501331928211',2,0,0,'2cfb8dd8-791f-4a75-9bee-bb5220f3c922'),('ee7c99bb-759e-4eb2-adb8-f6c310be8769',1,0,0,'2cfb8dd8-791f-4a75-9bee-bb5220f3c922'),('eef35651-e2af-4062-a45b-c080cc0ce2ff',2,0,0,'2cfb8dd8-791f-4a75-9bee-bb5220f3c922'),('eff29b27-5fb8-43ae-a2fc-9692472dff2f',2,0,0,'2cfb8dd8-791f-4a75-9bee-bb5220f3c922'),('f12bee3f-61d9-4d3b-bec5-9f410393c8ae',2,4500,1,'21a863c2-2c84-4bb3-8cc4-956a12d9ab9f'),('f16c5c1d-a32c-41e7-9ba1-ef6598d4464e',2,4500,1,'21a863c2-2c84-4bb3-8cc4-956a12d9ab9f'),('f1859929-b2ec-4b9a-bcd4-d7d3c4254dd3',2,4500,1,'21a863c2-2c84-4bb3-8cc4-956a12d9ab9f'),('f19a78a9-7ab1-447c-961a-dfbc181696aa',2,4500,1,'21a863c2-2c84-4bb3-8cc4-956a12d9ab9f'),('f2867de8-b062-4fee-9993-52027b25b424',2,0,0,'2cfb8dd8-791f-4a75-9bee-bb5220f3c922'),('f28835cf-0a77-48ba-a44e-8159b4e1feaa',2,0,0,'2cfb8dd8-791f-4a75-9bee-bb5220f3c922'),('f29f148a-3203-4df1-b8af-950fac1661cd',2,0,0,'2cfb8dd8-791f-4a75-9bee-bb5220f3c922'),('f357021b-49e4-417a-9503-e3c0cc0d1bb3',2,0,0,'2cfb8dd8-791f-4a75-9bee-bb5220f3c922'),('f37fbaee-6e80-4cae-8015-e75b709d3144',2,4500,1,'21a863c2-2c84-4bb3-8cc4-956a12d9ab9f'),('f4171208-1a02-4d9a-a552-12184c99f2b9',2,4500,1,'21a863c2-2c84-4bb3-8cc4-956a12d9ab9f'),('f41b8401-6cdd-4281-bf40-e45bdad8ce33',2,0,0,'2cfb8dd8-791f-4a75-9bee-bb5220f3c922'),('f47f27c1-d594-4881-8f65-f779f3d46393',2,4500,1,'21a863c2-2c84-4bb3-8cc4-956a12d9ab9f'),('f58deb9e-b91a-4b91-bf1b-ced36cd82b50',2,4500,1,'21a863c2-2c84-4bb3-8cc4-956a12d9ab9f'),('f5ab9913-660a-45c2-85d0-227ab8c2b67f',2,0,0,'2cfb8dd8-791f-4a75-9bee-bb5220f3c922'),('f6f878ca-65a0-4fd7-918b-f31ea3b94aa2',2,4500,1,'21a863c2-2c84-4bb3-8cc4-956a12d9ab9f'),('f774d0bf-a0bb-47ff-af1d-4d8768100d68',2,4500,1,'21a863c2-2c84-4bb3-8cc4-956a12d9ab9f'),('f8b3f3b4-f923-4abc-9424-07b63ce5ab7b',2,4500,1,'21a863c2-2c84-4bb3-8cc4-956a12d9ab9f'),('f8bcb2a5-1c82-4a84-adf8-db4554c5a165',2,0,0,'2cfb8dd8-791f-4a75-9bee-bb5220f3c922'),('f8def8ff-6251-4eb8-88b7-90f81c264668',2,0,0,'2cfb8dd8-791f-4a75-9bee-bb5220f3c922'),('f955e25c-185e-4591-8a33-f06fe262a2fd',2,0,0,'2cfb8dd8-791f-4a75-9bee-bb5220f3c922'),('fa098e79-90fc-4ac8-b217-e68ecf3067df',2,0,0,'2cfb8dd8-791f-4a75-9bee-bb5220f3c922'),('fb4046e4-ed4c-4d13-8aee-d610ecaf0521',2,4500,1,'21a863c2-2c84-4bb3-8cc4-956a12d9ab9f'),('fc9ae243-4845-4714-9d08-a2e61c26bc1d',2,4500,1,'21a863c2-2c84-4bb3-8cc4-956a12d9ab9f'),('fd051278-503b-4447-b754-fc5aa0d573c4',2,0,0,'2cfb8dd8-791f-4a75-9bee-bb5220f3c922'),('fd7e1d1e-c295-440c-9e2b-dafce0e49e6f',2,4500,1,'21a863c2-2c84-4bb3-8cc4-956a12d9ab9f'),('fdcb64d7-8b6f-42e8-bf8a-85fefffb4c20',2,4500,1,'21a863c2-2c84-4bb3-8cc4-956a12d9ab9f'),('fe459891-785e-4384-aea5-9ff451cc7850',2,0,0,'2cfb8dd8-791f-4a75-9bee-bb5220f3c922'),('fed70cc8-d11d-488c-ae10-c01d0eb511b0',2,4500,1,'21a863c2-2c84-4bb3-8cc4-956a12d9ab9f'),('ff11c2b7-9d81-4bea-b80d-fce3e255302e',2,0,0,'2cfb8dd8-791f-4a75-9bee-bb5220f3c922'),('ff1770a8-5ea2-4597-bb9c-ab4908a4c507',2,0,0,'2cfb8dd8-791f-4a75-9bee-bb5220f3c922'),('ff346688-f4ee-4f36-bdff-0a100edb0d3a',2,4500,1,'21a863c2-2c84-4bb3-8cc4-956a12d9ab9f'),('ffc211a2-05da-4292-99d7-a8995b313397',2,4500,1,'21a863c2-2c84-4bb3-8cc4-956a12d9ab9f');
/*!40000 ALTER TABLE `tickets` ENABLE KEYS */;
UNLOCK TABLES;

--
-- Table structure for table `users`
--

DROP TABLE IF EXISTS `users`;
/*!40101 SET @saved_cs_client     = @@character_set_client */;
/*!50503 SET character_set_client = utf8mb4 */;
CREATE TABLE `users` (
  `id` varchar(50) NOT NULL,
  `email` varchar(100) DEFAULT NULL,
  `password` varchar(100) DEFAULT NULL,
  `is_active` tinyint(1) DEFAULT NULL,
  `is_superuser` tinyint(1) DEFAULT NULL,
  PRIMARY KEY (`id`),
  UNIQUE KEY `email` (`email`)
) ENGINE=InnoDB DEFAULT CHARSET=utf8mb4 COLLATE=utf8mb4_0900_ai_ci;
/*!40101 SET character_set_client = @saved_cs_client */;

--
-- Dumping data for table `users`
--

LOCK TABLES `users` WRITE;
/*!40000 ALTER TABLE `users` DISABLE KEYS */;
INSERT INTO `users` VALUES ('6398cab5-b889-4968-80be-bf78905994e4','user@example.com','473287f8298dba7163a897908958f7c0eae733e25d2e027992ea2edc9bed2fa8',1,1),('accc648b-514a-4878-add8-8081ce09c695','stankovic.nemanja@yahoo.com','473287f8298dba7163a897908958f7c0eae733e25d2e027992ea2edc9bed2fa8',0,0);
/*!40000 ALTER TABLE `users` ENABLE KEYS */;
UNLOCK TABLES;

--
-- Table structure for table `view_flights`
--

DROP TABLE IF EXISTS `view_flights`;
/*!40101 SET @saved_cs_client     = @@character_set_client */;
/*!50503 SET character_set_client = utf8mb4 */;
CREATE TABLE `view_flights` (
  `flight_id` varchar(50) NOT NULL,
  `departure_time` varchar(50) DEFAULT NULL,
  `arrival_time` varchar(50) DEFAULT NULL,
  `airline` varchar(50) DEFAULT NULL,
  `num_of_seats` int DEFAULT NULL,
  `num_of_available_tickets_first_class` int DEFAULT NULL,
  `num_of_available_tickets_second_class` int DEFAULT NULL,
  `price_first_class` float DEFAULT NULL,
  `price_second_class` float DEFAULT NULL,
  `from_city` varchar(50) DEFAULT NULL,
  `to_city` varchar(50) DEFAULT NULL,
  PRIMARY KEY (`flight_id`)
) ENGINE=InnoDB DEFAULT CHARSET=utf8mb4 COLLATE=utf8mb4_0900_ai_ci;
/*!40101 SET character_set_client = @saved_cs_client */;

--
-- Dumping data for table `view_flights`
--

LOCK TABLES `view_flights` WRITE;
/*!40000 ALTER TABLE `view_flights` DISABLE KEYS */;
/*!40000 ALTER TABLE `view_flights` ENABLE KEYS */;
UNLOCK TABLES;
/*!40103 SET TIME_ZONE=@OLD_TIME_ZONE */;

/*!40101 SET SQL_MODE=@OLD_SQL_MODE */;
/*!40014 SET FOREIGN_KEY_CHECKS=@OLD_FOREIGN_KEY_CHECKS */;
/*!40014 SET UNIQUE_CHECKS=@OLD_UNIQUE_CHECKS */;
/*!40101 SET CHARACTER_SET_CLIENT=@OLD_CHARACTER_SET_CLIENT */;
/*!40101 SET CHARACTER_SET_RESULTS=@OLD_CHARACTER_SET_RESULTS */;
/*!40101 SET COLLATION_CONNECTION=@OLD_COLLATION_CONNECTION */;
/*!40111 SET SQL_NOTES=@OLD_SQL_NOTES */;

-- Dump completed on 2023-02-22 18:01:10
